"OBJECTID","ID_0","ISO","NAME_0","ID_1","NAME_1","ID_2","NAME_2","ID_3","NAME_3","CCN_3","CCA_3","TYPE_3","ENGTYPE_3","NL_NAME_3","VARNAME_3"
1,160,"NZL","New Zealand",1,"Auckland",1,"Auckland",1,"n.a. ( 36)",NA,"","Unknown","Unknown","",""
2,160,"NZL","New Zealand",1,"Auckland",1,"Auckland",2,"n.a. ( 49)",NA,"","Unknown","Unknown","",""
3,160,"NZL","New Zealand",1,"Auckland",2,"Franklin",3,"n.a. ( 100)",NA,"","Unknown","Unknown","",""
4,160,"NZL","New Zealand",1,"Auckland",2,"Franklin",4,"n.a. ( 106)",NA,"","Unknown","Unknown","",""
5,160,"NZL","New Zealand",1,"Auckland",2,"Franklin",5,"n.a. ( 86)",NA,"","Unknown","Unknown","",""
6,160,"NZL","New Zealand",1,"Auckland",2,"Franklin",6,"n.a. ( 88)",NA,"","Unknown","Unknown","",""
7,160,"NZL","New Zealand",1,"Auckland",2,"Franklin",7,"n.a. ( 89)",NA,"","Unknown","Unknown","",""
8,160,"NZL","New Zealand",1,"Auckland",2,"Franklin",8,"n.a. ( 91)",NA,"","Unknown","Unknown","",""
9,160,"NZL","New Zealand",1,"Auckland",2,"Franklin",9,"n.a. ( 92)",NA,"","Unknown","Unknown","",""
10,160,"NZL","New Zealand",1,"Auckland",2,"Franklin",10,"n.a. ( 93)",NA,"","Unknown","Unknown","",""
11,160,"NZL","New Zealand",1,"Auckland",2,"Franklin",11,"n.a. ( 94)",NA,"","Unknown","Unknown","",""
12,160,"NZL","New Zealand",1,"Auckland",2,"Franklin",12,"n.a. ( 95)",NA,"","Unknown","Unknown","",""
13,160,"NZL","New Zealand",1,"Auckland",2,"Franklin",13,"n.a. ( 97)",NA,"","Unknown","Unknown","",""
14,160,"NZL","New Zealand",1,"Auckland",3,"Manukau",14,"n.a. ( 66)",NA,"","Unknown","Unknown","",""
15,160,"NZL","New Zealand",1,"Auckland",3,"Manukau",15,"n.a. ( 73)",NA,"","Unknown","Unknown","",""
16,160,"NZL","New Zealand",1,"Auckland",3,"Manukau",16,"n.a. ( 74)",NA,"","Unknown","Unknown","",""
17,160,"NZL","New Zealand",1,"Auckland",3,"Manukau",17,"n.a. ( 78)",NA,"","Unknown","Unknown","",""
18,160,"NZL","New Zealand",1,"Auckland",3,"Manukau",18,"n.a. ( 82)",NA,"","Unknown","Unknown","",""
19,160,"NZL","New Zealand",1,"Auckland",3,"Manukau",19,"n.a. ( 84)",NA,"","Unknown","Unknown","",""
20,160,"NZL","New Zealand",1,"Auckland",3,"Manukau",20,"n.a. ( 85)",NA,"","Unknown","Unknown","",""
21,160,"NZL","New Zealand",1,"Auckland",4,"Rodney",21,"n.a. ( 31)",NA,"","Unknown","Unknown","",""
22,160,"NZL","New Zealand",1,"Auckland",4,"Rodney",22,"n.a. ( 32)",NA,"","Unknown","Unknown","",""
23,160,"NZL","New Zealand",1,"Auckland",4,"Rodney",23,"n.a. ( 33)",NA,"","Unknown","Unknown","",""
24,160,"NZL","New Zealand",1,"Auckland",4,"Rodney",24,"n.a. ( 34)",NA,"","Unknown","Unknown","",""
25,160,"NZL","New Zealand",1,"Auckland",4,"Rodney",25,"n.a. ( 35)",NA,"","Unknown","Unknown","",""
26,160,"NZL","New Zealand",1,"Auckland",4,"Rodney",26,"n.a. ( 37)",NA,"","Unknown","Unknown","",""
27,160,"NZL","New Zealand",1,"Auckland",4,"Rodney",27,"n.a. ( 38)",NA,"","Unknown","Unknown","",""
28,160,"NZL","New Zealand",1,"Auckland",4,"Rodney",28,"n.a. ( 39)",NA,"","Unknown","Unknown","",""
29,160,"NZL","New Zealand",1,"Auckland",4,"Rodney",29,"n.a. ( 40)",NA,"","Unknown","Unknown","",""
30,160,"NZL","New Zealand",1,"Auckland",4,"Rodney",30,"n.a. ( 41)",NA,"","Unknown","Unknown","",""
31,160,"NZL","New Zealand",1,"Auckland",4,"Rodney",31,"n.a. ( 42)",NA,"","Unknown","Unknown","",""
32,160,"NZL","New Zealand",1,"Auckland",4,"Rodney",32,"n.a. ( 43)",NA,"","Unknown","Unknown","",""
33,160,"NZL","New Zealand",1,"Auckland",4,"Rodney",33,"n.a. ( 44)",NA,"","Unknown","Unknown","",""
34,160,"NZL","New Zealand",1,"Auckland",4,"Rodney",34,"n.a. ( 45)",NA,"","Unknown","Unknown","",""
35,160,"NZL","New Zealand",1,"Auckland",4,"Rodney",35,"n.a. ( 48)",NA,"","Unknown","Unknown","",""
36,160,"NZL","New Zealand",1,"Auckland",4,"Rodney",36,"n.a. ( 65)",NA,"","Unknown","Unknown","",""
37,160,"NZL","New Zealand",1,"Auckland",4,"Rodney",37,"n.a. ( 79)",NA,"","Unknown","Unknown","",""
38,160,"NZL","New Zealand",1,"Auckland",5,"Waitakere",38,"n.a. ( 47)",NA,"","Unknown","Unknown","",""
39,160,"NZL","New Zealand",1,"Auckland",5,"Waitakere",39,"n.a. ( 50)",NA,"","Unknown","Unknown","",""
40,160,"NZL","New Zealand",1,"Auckland",5,"Waitakere",40,"n.a. ( 53)",NA,"","Unknown","Unknown","",""
41,160,"NZL","New Zealand",1,"Auckland",5,"Waitakere",41,"n.a. ( 54)",NA,"","Unknown","Unknown","",""
42,160,"NZL","New Zealand",1,"Auckland",5,"Waitakere",42,"n.a. ( 55)",NA,"","Unknown","Unknown","",""
43,160,"NZL","New Zealand",1,"Auckland",5,"Waitakere",43,"n.a. ( 56)",NA,"","Unknown","Unknown","",""
44,160,"NZL","New Zealand",1,"Auckland",5,"Waitakere",44,"n.a. ( 57)",NA,"","Unknown","Unknown","",""
45,160,"NZL","New Zealand",1,"Auckland",5,"Waitakere",45,"n.a. ( 58)",NA,"","Unknown","Unknown","",""
46,160,"NZL","New Zealand",1,"Auckland",5,"Waitakere",46,"n.a. ( 59)",NA,"","Unknown","Unknown","",""
47,160,"NZL","New Zealand",1,"Auckland",5,"Waitakere",47,"n.a. ( 60)",NA,"","Unknown","Unknown","",""
48,160,"NZL","New Zealand",1,"Auckland",5,"Waitakere",48,"n.a. ( 61)",NA,"","Unknown","Unknown","",""
49,160,"NZL","New Zealand",1,"Auckland",5,"Waitakere",49,"n.a. ( 62)",NA,"","Unknown","Unknown","",""
50,160,"NZL","New Zealand",1,"Auckland",5,"Waitakere",50,"n.a. ( 63)",NA,"","Unknown","Unknown","",""
51,160,"NZL","New Zealand",1,"Auckland",5,"Waitakere",51,"n.a. ( 64)",NA,"","Unknown","Unknown","",""
52,160,"NZL","New Zealand",1,"Auckland",5,"Waitakere",52,"n.a. ( 67)",NA,"","Unknown","Unknown","",""
53,160,"NZL","New Zealand",1,"Auckland",5,"Waitakere",53,"n.a. ( 68)",NA,"","Unknown","Unknown","",""
54,160,"NZL","New Zealand",1,"Auckland",5,"Waitakere",54,"n.a. ( 69)",NA,"","Unknown","Unknown","",""
55,160,"NZL","New Zealand",1,"Auckland",5,"Waitakere",55,"n.a. ( 70)",NA,"","Unknown","Unknown","",""
56,160,"NZL","New Zealand",1,"Auckland",5,"Waitakere",56,"n.a. ( 72)",NA,"","Unknown","Unknown","",""
57,160,"NZL","New Zealand",1,"Auckland",5,"Waitakere",57,"n.a. ( 75)",NA,"","Unknown","Unknown","",""
58,160,"NZL","New Zealand",1,"Auckland",5,"Waitakere",58,"n.a. ( 76)",NA,"","Unknown","Unknown","",""
59,160,"NZL","New Zealand",1,"Auckland",5,"Waitakere",59,"n.a. ( 77)",NA,"","Unknown","Unknown","",""
60,160,"NZL","New Zealand",2,"Bay of Plenty",6,"Opotiki",60,"n.a. ( 116)",NA,"","Unknown","Unknown","",""
61,160,"NZL","New Zealand",2,"Bay of Plenty",6,"Opotiki",61,"n.a. ( 161)",NA,"","Unknown","Unknown","",""
62,160,"NZL","New Zealand",2,"Bay of Plenty",6,"Opotiki",62,"n.a. ( 169)",NA,"","Unknown","Unknown","",""
63,160,"NZL","New Zealand",2,"Bay of Plenty",7,"Rotorua",63,"n.a. ( 158)",NA,"","Unknown","Unknown","",""
64,160,"NZL","New Zealand",2,"Bay of Plenty",7,"Rotorua",64,"n.a. ( 181)",NA,"","Unknown","Unknown","",""
65,160,"NZL","New Zealand",2,"Bay of Plenty",8,"Taupo",65,"n.a. ( 197)",NA,"","Unknown","Unknown","",""
66,160,"NZL","New Zealand",2,"Bay of Plenty",9,"Western Bay of Plenty",66,"n.a. ( 103)",NA,"","Unknown","Unknown","",""
67,160,"NZL","New Zealand",2,"Bay of Plenty",9,"Western Bay of Plenty",67,"n.a. ( 110)",NA,"","Unknown","Unknown","",""
68,160,"NZL","New Zealand",2,"Bay of Plenty",9,"Western Bay of Plenty",68,"n.a. ( 111)",NA,"","Unknown","Unknown","",""
69,160,"NZL","New Zealand",2,"Bay of Plenty",9,"Western Bay of Plenty",69,"n.a. ( 112)",NA,"","Unknown","Unknown","",""
70,160,"NZL","New Zealand",2,"Bay of Plenty",9,"Western Bay of Plenty",70,"n.a. ( 118)",NA,"","Unknown","Unknown","",""
71,160,"NZL","New Zealand",2,"Bay of Plenty",9,"Western Bay of Plenty",71,"n.a. ( 119)",NA,"","Unknown","Unknown","",""
72,160,"NZL","New Zealand",2,"Bay of Plenty",9,"Western Bay of Plenty",72,"n.a. ( 120)",NA,"","Unknown","Unknown","",""
73,160,"NZL","New Zealand",2,"Bay of Plenty",9,"Western Bay of Plenty",73,"n.a. ( 122)",NA,"","Unknown","Unknown","",""
74,160,"NZL","New Zealand",2,"Bay of Plenty",9,"Western Bay of Plenty",74,"n.a. ( 123)",NA,"","Unknown","Unknown","",""
75,160,"NZL","New Zealand",2,"Bay of Plenty",9,"Western Bay of Plenty",75,"n.a. ( 125)",NA,"","Unknown","Unknown","",""
76,160,"NZL","New Zealand",2,"Bay of Plenty",9,"Western Bay of Plenty",76,"n.a. ( 126)",NA,"","Unknown","Unknown","",""
77,160,"NZL","New Zealand",2,"Bay of Plenty",9,"Western Bay of Plenty",77,"n.a. ( 127)",NA,"","Unknown","Unknown","",""
78,160,"NZL","New Zealand",2,"Bay of Plenty",9,"Western Bay of Plenty",78,"n.a. ( 128)",NA,"","Unknown","Unknown","",""
79,160,"NZL","New Zealand",2,"Bay of Plenty",9,"Western Bay of Plenty",79,"n.a. ( 130)",NA,"","Unknown","Unknown","",""
80,160,"NZL","New Zealand",2,"Bay of Plenty",9,"Western Bay of Plenty",80,"n.a. ( 131)",NA,"","Unknown","Unknown","",""
81,160,"NZL","New Zealand",2,"Bay of Plenty",9,"Western Bay of Plenty",81,"n.a. ( 134)",NA,"","Unknown","Unknown","",""
82,160,"NZL","New Zealand",2,"Bay of Plenty",9,"Western Bay of Plenty",82,"n.a. ( 137)",NA,"","Unknown","Unknown","",""
83,160,"NZL","New Zealand",2,"Bay of Plenty",9,"Western Bay of Plenty",83,"n.a. ( 140)",NA,"","Unknown","Unknown","",""
84,160,"NZL","New Zealand",2,"Bay of Plenty",9,"Western Bay of Plenty",84,"n.a. ( 144)",NA,"","Unknown","Unknown","",""
85,160,"NZL","New Zealand",2,"Bay of Plenty",10,"Whakatane",85,"n.a. ( 113)",NA,"","Unknown","Unknown","",""
86,160,"NZL","New Zealand",2,"Bay of Plenty",10,"Whakatane",86,"n.a. ( 151)",NA,"","Unknown","Unknown","",""
87,160,"NZL","New Zealand",2,"Bay of Plenty",10,"Whakatane",87,"n.a. ( 152)",NA,"","Unknown","Unknown","",""
88,160,"NZL","New Zealand",2,"Bay of Plenty",10,"Whakatane",88,"n.a. ( 155)",NA,"","Unknown","Unknown","",""
89,160,"NZL","New Zealand",2,"Bay of Plenty",10,"Whakatane",89,"n.a. ( 156)",NA,"","Unknown","Unknown","",""
90,160,"NZL","New Zealand",2,"Bay of Plenty",10,"Whakatane",90,"n.a. ( 163)",NA,"","Unknown","Unknown","",""
91,160,"NZL","New Zealand",2,"Bay of Plenty",10,"Whakatane",91,"n.a. ( 164)",NA,"","Unknown","Unknown","",""
92,160,"NZL","New Zealand",2,"Bay of Plenty",10,"Whakatane",92,"n.a. ( 167)",NA,"","Unknown","Unknown","",""
93,160,"NZL","New Zealand",2,"Bay of Plenty",10,"Whakatane",93,"n.a. ( 171)",NA,"","Unknown","Unknown","",""
94,160,"NZL","New Zealand",2,"Bay of Plenty",10,"Whakatane",94,"n.a. ( 173)",NA,"","Unknown","Unknown","",""
95,160,"NZL","New Zealand",2,"Bay of Plenty",10,"Whakatane",95,"n.a. ( 174)",NA,"","Unknown","Unknown","",""
96,160,"NZL","New Zealand",2,"Bay of Plenty",10,"Whakatane",96,"n.a. ( 178)",NA,"","Unknown","Unknown","",""
97,160,"NZL","New Zealand",2,"Bay of Plenty",10,"Whakatane",97,"n.a. ( 186)",NA,"","Unknown","Unknown","",""
98,160,"NZL","New Zealand",2,"Bay of Plenty",10,"Whakatane",98,"n.a. ( 196)",NA,"","Unknown","Unknown","",""
99,160,"NZL","New Zealand",3,"Canterbury",11,"Ashburton",99,"n.a. ( 338)",NA,"","Unknown","Unknown","",""
100,160,"NZL","New Zealand",3,"Canterbury",11,"Ashburton",100,"n.a. ( 366)",NA,"","Unknown","Unknown","",""
101,160,"NZL","New Zealand",3,"Canterbury",12,"Bounty Islands",101,"n.a. ( 479)",NA,"","Unknown","Unknown","",""
102,160,"NZL","New Zealand",3,"Canterbury",13,"Christchurch",102,"n.a. ( 342)",NA,"","Unknown","Unknown","",""
103,160,"NZL","New Zealand",3,"Canterbury",13,"Christchurch",103,"n.a. ( 345)",NA,"","Unknown","Unknown","",""
104,160,"NZL","New Zealand",3,"Canterbury",13,"Christchurch",104,"n.a. ( 346)",NA,"","Unknown","Unknown","",""
105,160,"NZL","New Zealand",3,"Canterbury",13,"Christchurch",105,"n.a. ( 349)",NA,"","Unknown","Unknown","",""
106,160,"NZL","New Zealand",3,"Canterbury",13,"Christchurch",106,"n.a. ( 351)",NA,"","Unknown","Unknown","",""
107,160,"NZL","New Zealand",3,"Canterbury",13,"Christchurch",107,"n.a. ( 352)",NA,"","Unknown","Unknown","",""
108,160,"NZL","New Zealand",3,"Canterbury",13,"Christchurch",108,"n.a. ( 353)",NA,"","Unknown","Unknown","",""
109,160,"NZL","New Zealand",3,"Canterbury",13,"Christchurch",109,"n.a. ( 354)",NA,"","Unknown","Unknown","",""
110,160,"NZL","New Zealand",3,"Canterbury",13,"Christchurch",110,"n.a. ( 355)",NA,"","Unknown","Unknown","",""
111,160,"NZL","New Zealand",3,"Canterbury",13,"Christchurch",111,"n.a. ( 356)",NA,"","Unknown","Unknown","",""
112,160,"NZL","New Zealand",3,"Canterbury",13,"Christchurch",112,"n.a. ( 357)",NA,"","Unknown","Unknown","",""
113,160,"NZL","New Zealand",3,"Canterbury",13,"Christchurch",113,"n.a. ( 359)",NA,"","Unknown","Unknown","",""
114,160,"NZL","New Zealand",3,"Canterbury",13,"Christchurch",114,"n.a. ( 364)",NA,"","Unknown","Unknown","",""
115,160,"NZL","New Zealand",3,"Canterbury",13,"Christchurch",115,"n.a. ( 365)",NA,"","Unknown","Unknown","",""
116,160,"NZL","New Zealand",3,"Canterbury",13,"Christchurch",116,"n.a. ( 367)",NA,"","Unknown","Unknown","",""
117,160,"NZL","New Zealand",3,"Canterbury",14,"Hurunui",117,"n.a. ( 323)",NA,"","Unknown","Unknown","",""
118,160,"NZL","New Zealand",3,"Canterbury",14,"Hurunui",118,"n.a. ( 324)",NA,"","Unknown","Unknown","",""
119,160,"NZL","New Zealand",3,"Canterbury",14,"Hurunui",119,"n.a. ( 329)",NA,"","Unknown","Unknown","",""
120,160,"NZL","New Zealand",3,"Canterbury",14,"Hurunui",120,"n.a. ( 331)",NA,"","Unknown","Unknown","",""
121,160,"NZL","New Zealand",3,"Canterbury",14,"Hurunui",121,"n.a. ( 336)",NA,"","Unknown","Unknown","",""
122,160,"NZL","New Zealand",3,"Canterbury",14,"Hurunui",122,"n.a. ( 337)",NA,"","Unknown","Unknown","",""
123,160,"NZL","New Zealand",3,"Canterbury",15,"Kaikoura",123,"n.a. ( 327)",NA,"","Unknown","Unknown","",""
124,160,"NZL","New Zealand",3,"Canterbury",16,"Mackenzie",124,"n.a. ( 344)",NA,"","Unknown","Unknown","",""
125,160,"NZL","New Zealand",3,"Canterbury",16,"Mackenzie",125,"n.a. ( 350)",NA,"","Unknown","Unknown","",""
126,160,"NZL","New Zealand",3,"Canterbury",16,"Mackenzie",126,"n.a. ( 368)",NA,"","Unknown","Unknown","",""
127,160,"NZL","New Zealand",3,"Canterbury",16,"Mackenzie",127,"n.a. ( 374)",NA,"","Unknown","Unknown","",""
128,160,"NZL","New Zealand",3,"Canterbury",17,"Selwyn",128,"n.a. ( 333)",NA,"","Unknown","Unknown","",""
129,160,"NZL","New Zealand",3,"Canterbury",17,"Selwyn",129,"n.a. ( 343)",NA,"","Unknown","Unknown","",""
130,160,"NZL","New Zealand",3,"Canterbury",17,"Selwyn",130,"n.a. ( 348)",NA,"","Unknown","Unknown","",""
131,160,"NZL","New Zealand",3,"Canterbury",17,"Selwyn",131,"n.a. ( 358)",NA,"","Unknown","Unknown","",""
132,160,"NZL","New Zealand",3,"Canterbury",17,"Selwyn",132,"n.a. ( 360)",NA,"","Unknown","Unknown","",""
133,160,"NZL","New Zealand",3,"Canterbury",17,"Selwyn",133,"n.a. ( 363)",NA,"","Unknown","Unknown","",""
134,160,"NZL","New Zealand",3,"Canterbury",17,"Selwyn",134,"n.a. ( 370)",NA,"","Unknown","Unknown","",""
135,160,"NZL","New Zealand",3,"Canterbury",18,"Timaru",135,"n.a. ( 347)",NA,"","Unknown","Unknown","",""
136,160,"NZL","New Zealand",3,"Canterbury",18,"Timaru",136,"n.a. ( 372)",NA,"","Unknown","Unknown","",""
137,160,"NZL","New Zealand",3,"Canterbury",18,"Timaru",137,"n.a. ( 373)",NA,"","Unknown","Unknown","",""
138,160,"NZL","New Zealand",3,"Canterbury",18,"Timaru",138,"n.a. ( 378)",NA,"","Unknown","Unknown","",""
139,160,"NZL","New Zealand",3,"Canterbury",19,"Waimakariri",139,"n.a. ( 334)",NA,"","Unknown","Unknown","",""
140,160,"NZL","New Zealand",3,"Canterbury",19,"Waimakariri",140,"n.a. ( 335)",NA,"","Unknown","Unknown","",""
141,160,"NZL","New Zealand",3,"Canterbury",19,"Waimakariri",141,"n.a. ( 340)",NA,"","Unknown","Unknown","",""
142,160,"NZL","New Zealand",3,"Canterbury",19,"Waimakariri",142,"n.a. ( 341)",NA,"","Unknown","Unknown","",""
143,160,"NZL","New Zealand",3,"Canterbury",20,"Waimate",143,"n.a. ( 376)",NA,"","Unknown","Unknown","",""
144,160,"NZL","New Zealand",3,"Canterbury",20,"Waimate",144,"n.a. ( 377)",NA,"","Unknown","Unknown","",""
145,160,"NZL","New Zealand",3,"Canterbury",20,"Waimate",145,"n.a. ( 381)",NA,"","Unknown","Unknown","",""
146,160,"NZL","New Zealand",3,"Canterbury",20,"Waimate",146,"n.a. ( 382)",NA,"","Unknown","Unknown","",""
147,160,"NZL","New Zealand",3,"Canterbury",20,"Waimate",147,"n.a. ( 384)",NA,"","Unknown","Unknown","",""
148,160,"NZL","New Zealand",3,"Canterbury",21,"Waitaki",148,"n.a. ( 369)",NA,"","Unknown","Unknown","",""
149,160,"NZL","New Zealand",4,"Chatham Islands",22,"Waitangi",149,"n.a. ( 361)",NA,"","Unknown","Unknown","",""
150,160,"NZL","New Zealand",4,"Chatham Islands",22,"Waitangi",150,"n.a. ( 362)",NA,"","Unknown","Unknown","",""
151,160,"NZL","New Zealand",4,"Chatham Islands",22,"Waitangi",151,"n.a. ( 375)",NA,"","Unknown","Unknown","",""
152,160,"NZL","New Zealand",5,"Gisborne",23,"Gisborne",152,"n.a. ( 115)",NA,"","Unknown","Unknown","",""
153,160,"NZL","New Zealand",5,"Gisborne",23,"Gisborne",153,"n.a. ( 136)",NA,"","Unknown","Unknown","",""
154,160,"NZL","New Zealand",5,"Gisborne",23,"Gisborne",154,"n.a. ( 159)",NA,"","Unknown","Unknown","",""
155,160,"NZL","New Zealand",5,"Gisborne",23,"Gisborne",155,"n.a. ( 170)",NA,"","Unknown","Unknown","",""
156,160,"NZL","New Zealand",5,"Gisborne",23,"Gisborne",156,"n.a. ( 180)",NA,"","Unknown","Unknown","",""
157,160,"NZL","New Zealand",5,"Gisborne",23,"Gisborne",157,"n.a. ( 187)",NA,"","Unknown","Unknown","",""
158,160,"NZL","New Zealand",5,"Gisborne",23,"Gisborne",158,"n.a. ( 198)",NA,"","Unknown","Unknown","",""
159,160,"NZL","New Zealand",5,"Gisborne",23,"Gisborne",159,"n.a. ( 200)",NA,"","Unknown","Unknown","",""
160,160,"NZL","New Zealand",5,"Gisborne",23,"Gisborne",160,"n.a. ( 204)",NA,"","Unknown","Unknown","",""
161,160,"NZL","New Zealand",5,"Gisborne",23,"Gisborne",161,"n.a. ( 207)",NA,"","Unknown","Unknown","",""
162,160,"NZL","New Zealand",5,"Gisborne",23,"Gisborne",162,"n.a. ( 209)",NA,"","Unknown","Unknown","",""
163,160,"NZL","New Zealand",5,"Gisborne",23,"Gisborne",163,"n.a. ( 211)",NA,"","Unknown","Unknown","",""
164,160,"NZL","New Zealand",5,"Gisborne",23,"Gisborne",164,"n.a. ( 212)",NA,"","Unknown","Unknown","",""
165,160,"NZL","New Zealand",5,"Gisborne",24,"Otorohanga",165,"n.a. ( 191)",NA,"","Unknown","Unknown","",""
166,160,"NZL","New Zealand",5,"Gisborne",24,"Otorohanga",166,"n.a. ( 192)",NA,"","Unknown","Unknown","",""
167,160,"NZL","New Zealand",5,"Gisborne",24,"Otorohanga",167,"n.a. ( 193)",NA,"","Unknown","Unknown","",""
168,160,"NZL","New Zealand",5,"Gisborne",24,"Otorohanga",168,"n.a. ( 195)",NA,"","Unknown","Unknown","",""
169,160,"NZL","New Zealand",5,"Gisborne",24,"Otorohanga",169,"n.a. ( 201)",NA,"","Unknown","Unknown","",""
170,160,"NZL","New Zealand",5,"Gisborne",24,"Otorohanga",170,"n.a. ( 205)",NA,"","Unknown","Unknown","",""
171,160,"NZL","New Zealand",6,"Hawke's Bay",25,"Central Hawke's Bay",171,"n.a. ( 250)",NA,"","Unknown","Unknown","",""
172,160,"NZL","New Zealand",6,"Hawke's Bay",25,"Central Hawke's Bay",172,"n.a. ( 254)",NA,"","Unknown","Unknown","",""
173,160,"NZL","New Zealand",6,"Hawke's Bay",25,"Central Hawke's Bay",173,"n.a. ( 257)",NA,"","Unknown","Unknown","",""
174,160,"NZL","New Zealand",6,"Hawke's Bay",25,"Central Hawke's Bay",174,"n.a. ( 260)",NA,"","Unknown","Unknown","",""
175,160,"NZL","New Zealand",6,"Hawke's Bay",25,"Central Hawke's Bay",175,"n.a. ( 271)",NA,"","Unknown","Unknown","",""
176,160,"NZL","New Zealand",6,"Hawke's Bay",26,"Hastings city",176,"n.a. ( 244)",NA,"","Unknown","Unknown","",""
177,160,"NZL","New Zealand",6,"Hawke's Bay",26,"Hastings city",177,"n.a. ( 245)",NA,"","Unknown","Unknown","",""
178,160,"NZL","New Zealand",6,"Hawke's Bay",26,"Hastings city",178,"n.a. ( 247)",NA,"","Unknown","Unknown","",""
179,160,"NZL","New Zealand",6,"Hawke's Bay",26,"Hastings city",179,"n.a. ( 248)",NA,"","Unknown","Unknown","",""
180,160,"NZL","New Zealand",6,"Hawke's Bay",26,"Hastings city",180,"n.a. ( 249)",NA,"","Unknown","Unknown","",""
181,160,"NZL","New Zealand",6,"Hawke's Bay",27,"Hastings",181,"n.a. ( 216)",NA,"","Unknown","Unknown","",""
182,160,"NZL","New Zealand",6,"Hawke's Bay",27,"Hastings",182,"n.a. ( 226)",NA,"","Unknown","Unknown","",""
183,160,"NZL","New Zealand",6,"Hawke's Bay",27,"Hastings",183,"n.a. ( 240)",NA,"","Unknown","Unknown","",""
184,160,"NZL","New Zealand",6,"Hawke's Bay",27,"Hastings",184,"n.a. ( 242)",NA,"","Unknown","Unknown","",""
185,160,"NZL","New Zealand",6,"Hawke's Bay",27,"Hastings",185,"n.a. ( 243)",NA,"","Unknown","Unknown","",""
186,160,"NZL","New Zealand",6,"Hawke's Bay",27,"Hastings",186,"n.a. ( 253)",NA,"","Unknown","Unknown","",""
187,160,"NZL","New Zealand",6,"Hawke's Bay",28,"Napier",187,"n.a. ( 237)",NA,"","Unknown","Unknown","",""
188,160,"NZL","New Zealand",6,"Hawke's Bay",29,"Wairoa",188,"n.a. ( 206)",NA,"","Unknown","Unknown","",""
189,160,"NZL","New Zealand",6,"Hawke's Bay",29,"Wairoa",189,"n.a. ( 214)",NA,"","Unknown","Unknown","",""
190,160,"NZL","New Zealand",6,"Hawke's Bay",29,"Wairoa",190,"n.a. ( 215)",NA,"","Unknown","Unknown","",""
191,160,"NZL","New Zealand",6,"Hawke's Bay",29,"Wairoa",191,"n.a. ( 217)",NA,"","Unknown","Unknown","",""
192,160,"NZL","New Zealand",6,"Hawke's Bay",29,"Wairoa",192,"n.a. ( 219)",NA,"","Unknown","Unknown","",""
193,160,"NZL","New Zealand",6,"Hawke's Bay",29,"Wairoa",193,"n.a. ( 222)",NA,"","Unknown","Unknown","",""
194,160,"NZL","New Zealand",6,"Hawke's Bay",29,"Wairoa",194,"n.a. ( 233)",NA,"","Unknown","Unknown","",""
195,160,"NZL","New Zealand",7,"Manawatu-Wanganui",30,"Horowhenua",195,"n.a. ( 270)",NA,"","Unknown","Unknown","",""
196,160,"NZL","New Zealand",7,"Manawatu-Wanganui",30,"Horowhenua",196,"n.a. ( 272)",NA,"","Unknown","Unknown","",""
197,160,"NZL","New Zealand",7,"Manawatu-Wanganui",30,"Horowhenua",197,"n.a. ( 274)",NA,"","Unknown","Unknown","",""
198,160,"NZL","New Zealand",7,"Manawatu-Wanganui",30,"Horowhenua",198,"n.a. ( 275)",NA,"","Unknown","Unknown","",""
199,160,"NZL","New Zealand",7,"Manawatu-Wanganui",31,"Manawatu",199,"n.a. ( 252)",NA,"","Unknown","Unknown","",""
200,160,"NZL","New Zealand",7,"Manawatu-Wanganui",31,"Manawatu",200,"n.a. ( 255)",NA,"","Unknown","Unknown","",""
201,160,"NZL","New Zealand",7,"Manawatu-Wanganui",31,"Manawatu",201,"n.a. ( 264)",NA,"","Unknown","Unknown","",""
202,160,"NZL","New Zealand",7,"Manawatu-Wanganui",31,"Manawatu",202,"n.a. ( 265)",NA,"","Unknown","Unknown","",""
203,160,"NZL","New Zealand",7,"Manawatu-Wanganui",31,"Manawatu",203,"n.a. ( 266)",NA,"","Unknown","Unknown","",""
204,160,"NZL","New Zealand",7,"Manawatu-Wanganui",32,"Palmerston North",204,"n.a. ( 268)",NA,"","Unknown","Unknown","",""
205,160,"NZL","New Zealand",7,"Manawatu-Wanganui",33,"Rangitikei",205,"n.a. ( 227)",NA,"","Unknown","Unknown","",""
206,160,"NZL","New Zealand",7,"Manawatu-Wanganui",33,"Rangitikei",206,"n.a. ( 251)",NA,"","Unknown","Unknown","",""
207,160,"NZL","New Zealand",7,"Manawatu-Wanganui",33,"Rangitikei",207,"n.a. ( 258)",NA,"","Unknown","Unknown","",""
208,160,"NZL","New Zealand",7,"Manawatu-Wanganui",33,"Rangitikei",208,"n.a. ( 259)",NA,"","Unknown","Unknown","",""
209,160,"NZL","New Zealand",7,"Manawatu-Wanganui",34,"Ruapehu",209,"n.a. ( 202)",NA,"","Unknown","Unknown","",""
210,160,"NZL","New Zealand",7,"Manawatu-Wanganui",34,"Ruapehu",210,"n.a. ( 213)",NA,"","Unknown","Unknown","",""
211,160,"NZL","New Zealand",7,"Manawatu-Wanganui",34,"Ruapehu",211,"n.a. ( 220)",NA,"","Unknown","Unknown","",""
212,160,"NZL","New Zealand",7,"Manawatu-Wanganui",34,"Ruapehu",212,"n.a. ( 228)",NA,"","Unknown","Unknown","",""
213,160,"NZL","New Zealand",7,"Manawatu-Wanganui",34,"Ruapehu",213,"n.a. ( 232)",NA,"","Unknown","Unknown","",""
214,160,"NZL","New Zealand",7,"Manawatu-Wanganui",35,"Tararua",214,"n.a. ( 261)",NA,"","Unknown","Unknown","",""
215,160,"NZL","New Zealand",7,"Manawatu-Wanganui",35,"Tararua",215,"n.a. ( 262)",NA,"","Unknown","Unknown","",""
216,160,"NZL","New Zealand",7,"Manawatu-Wanganui",35,"Tararua",216,"n.a. ( 263)",NA,"","Unknown","Unknown","",""
217,160,"NZL","New Zealand",7,"Manawatu-Wanganui",35,"Tararua",217,"n.a. ( 267)",NA,"","Unknown","Unknown","",""
218,160,"NZL","New Zealand",7,"Manawatu-Wanganui",35,"Tararua",218,"n.a. ( 269)",NA,"","Unknown","Unknown","",""
219,160,"NZL","New Zealand",7,"Manawatu-Wanganui",35,"Tararua",219,"n.a. ( 273)",NA,"","Unknown","Unknown","",""
220,160,"NZL","New Zealand",7,"Manawatu-Wanganui",36,"Wanganui",220,"n.a. ( 231)",NA,"","Unknown","Unknown","",""
221,160,"NZL","New Zealand",7,"Manawatu-Wanganui",36,"Wanganui",221,"n.a. ( 256)",NA,"","Unknown","Unknown","",""
222,160,"NZL","New Zealand",8,"Marlborough",37,"Marlborough",222,"n.a. ( 283)",NA,"","Unknown","Unknown","",""
223,160,"NZL","New Zealand",8,"Marlborough",37,"Marlborough",223,"n.a. ( 297)",NA,"","Unknown","Unknown","",""
224,160,"NZL","New Zealand",8,"Marlborough",37,"Marlborough",224,"n.a. ( 317)",NA,"","Unknown","Unknown","",""
225,160,"NZL","New Zealand",8,"Marlborough",37,"Marlborough",225,"n.a. ( 318)",NA,"","Unknown","Unknown","",""
226,160,"NZL","New Zealand",8,"Marlborough",37,"Marlborough",226,"n.a. ( 319)",NA,"","Unknown","Unknown","",""
227,160,"NZL","New Zealand",9,"Nelson",38,"Nelson",227,"n.a. ( 314)",NA,"","Unknown","Unknown","",""
228,160,"NZL","New Zealand",9,"Nelson",39,"Tasman",228,"n.a. ( 279)",NA,"","Unknown","Unknown","",""
229,160,"NZL","New Zealand",9,"Nelson",39,"Tasman",229,"n.a. ( 300)",NA,"","Unknown","Unknown","",""
230,160,"NZL","New Zealand",9,"Nelson",39,"Tasman",230,"n.a. ( 309)",NA,"","Unknown","Unknown","",""
231,160,"NZL","New Zealand",9,"Nelson",39,"Tasman",231,"n.a. ( 310)",NA,"","Unknown","Unknown","",""
232,160,"NZL","New Zealand",9,"Nelson",39,"Tasman",232,"n.a. ( 312)",NA,"","Unknown","Unknown","",""
233,160,"NZL","New Zealand",9,"Nelson",39,"Tasman",233,"n.a. ( 316)",NA,"","Unknown","Unknown","",""
234,160,"NZL","New Zealand",10,"Northland",40,"Far North",234,"n.a. ( 1)",NA,"","Unknown","Unknown","",""
235,160,"NZL","New Zealand",10,"Northland",40,"Far North",235,"n.a. ( 10)",NA,"","Unknown","Unknown","",""
236,160,"NZL","New Zealand",10,"Northland",40,"Far North",236,"n.a. ( 11)",NA,"","Unknown","Unknown","",""
237,160,"NZL","New Zealand",10,"Northland",40,"Far North",237,"n.a. ( 12)",NA,"","Unknown","Unknown","",""
238,160,"NZL","New Zealand",10,"Northland",40,"Far North",238,"n.a. ( 13)",NA,"","Unknown","Unknown","",""
239,160,"NZL","New Zealand",10,"Northland",40,"Far North",239,"n.a. ( 19)",NA,"","Unknown","Unknown","",""
240,160,"NZL","New Zealand",10,"Northland",40,"Far North",240,"n.a. ( 2)",NA,"","Unknown","Unknown","",""
241,160,"NZL","New Zealand",10,"Northland",40,"Far North",241,"n.a. ( 3)",NA,"","Unknown","Unknown","",""
242,160,"NZL","New Zealand",10,"Northland",40,"Far North",242,"n.a. ( 4)",NA,"","Unknown","Unknown","",""
243,160,"NZL","New Zealand",10,"Northland",40,"Far North",243,"n.a. ( 5)",NA,"","Unknown","Unknown","",""
244,160,"NZL","New Zealand",10,"Northland",40,"Far North",244,"n.a. ( 6)",NA,"","Unknown","Unknown","",""
245,160,"NZL","New Zealand",10,"Northland",40,"Far North",245,"n.a. ( 7)",NA,"","Unknown","Unknown","",""
246,160,"NZL","New Zealand",10,"Northland",40,"Far North",246,"n.a. ( 8)",NA,"","Unknown","Unknown","",""
247,160,"NZL","New Zealand",10,"Northland",40,"Far North",247,"n.a. ( 9)",NA,"","Unknown","Unknown","",""
248,160,"NZL","New Zealand",10,"Northland",41,"Kaipara",248,"n.a. ( 17)",NA,"","Unknown","Unknown","",""
249,160,"NZL","New Zealand",10,"Northland",41,"Kaipara",249,"n.a. ( 21)",NA,"","Unknown","Unknown","",""
250,160,"NZL","New Zealand",10,"Northland",41,"Kaipara",250,"n.a. ( 27)",NA,"","Unknown","Unknown","",""
251,160,"NZL","New Zealand",10,"Northland",41,"Kaipara",251,"n.a. ( 28)",NA,"","Unknown","Unknown","",""
252,160,"NZL","New Zealand",10,"Northland",41,"Kaipara",252,"n.a. ( 30)",NA,"","Unknown","Unknown","",""
253,160,"NZL","New Zealand",10,"Northland",42,"Kermadec Islands",253,"n.a.(509)",NA,"","","","",""
254,160,"NZL","New Zealand",10,"Northland",43,"Whangarei",254,"n.a. ( 14)",NA,"","Unknown","Unknown","",""
255,160,"NZL","New Zealand",10,"Northland",43,"Whangarei",255,"n.a. ( 15)",NA,"","Unknown","Unknown","",""
256,160,"NZL","New Zealand",10,"Northland",43,"Whangarei",256,"n.a. ( 16)",NA,"","Unknown","Unknown","",""
257,160,"NZL","New Zealand",10,"Northland",43,"Whangarei",257,"n.a. ( 18)",NA,"","Unknown","Unknown","",""
258,160,"NZL","New Zealand",10,"Northland",43,"Whangarei",258,"n.a. ( 20)",NA,"","Unknown","Unknown","",""
259,160,"NZL","New Zealand",10,"Northland",43,"Whangarei",259,"n.a. ( 22)",NA,"","Unknown","Unknown","",""
260,160,"NZL","New Zealand",10,"Northland",43,"Whangarei",260,"n.a. ( 25)",NA,"","Unknown","Unknown","",""
261,160,"NZL","New Zealand",10,"Northland",43,"Whangarei",261,"n.a. ( 26)",NA,"","Unknown","Unknown","",""
262,160,"NZL","New Zealand",10,"Northland",43,"Whangarei",262,"n.a. ( 29)",NA,"","Unknown","Unknown","",""
263,160,"NZL","New Zealand",11,"Otago",44,"Antipodes Islands",263,"n.a. ( 481)",NA,"","Unknown","Unknown","",""
264,160,"NZL","New Zealand",11,"Otago",45,"Central Otago",264,"n.a. ( 380)",NA,"","Unknown","Unknown","",""
265,160,"NZL","New Zealand",11,"Otago",45,"Central Otago",265,"n.a. ( 383)",NA,"","Unknown","Unknown","",""
266,160,"NZL","New Zealand",11,"Otago",45,"Central Otago",266,"n.a. ( 398)",NA,"","Unknown","Unknown","",""
267,160,"NZL","New Zealand",11,"Otago",45,"Central Otago",267,"n.a. ( 405)",NA,"","Unknown","Unknown","",""
268,160,"NZL","New Zealand",11,"Otago",45,"Central Otago",268,"n.a. ( 412)",NA,"","Unknown","Unknown","",""
269,160,"NZL","New Zealand",11,"Otago",45,"Central Otago",269,"n.a. ( 418)",NA,"","Unknown","Unknown","",""
270,160,"NZL","New Zealand",11,"Otago",46,"Clutha",270,"n.a. ( 420)",NA,"","Unknown","Unknown","",""
271,160,"NZL","New Zealand",11,"Otago",46,"Clutha",271,"n.a. ( 428)",NA,"","Unknown","Unknown","",""
272,160,"NZL","New Zealand",11,"Otago",46,"Clutha",272,"n.a. ( 446)",NA,"","Unknown","Unknown","",""
273,160,"NZL","New Zealand",11,"Otago",46,"Clutha",273,"n.a. ( 448)",NA,"","Unknown","Unknown","",""
274,160,"NZL","New Zealand",11,"Otago",46,"Clutha",274,"n.a. ( 455)",NA,"","Unknown","Unknown","",""
275,160,"NZL","New Zealand",11,"Otago",46,"Clutha",275,"n.a. ( 459)",NA,"","Unknown","Unknown","",""
276,160,"NZL","New Zealand",11,"Otago",46,"Clutha",276,"n.a. ( 467)",NA,"","Unknown","Unknown","",""
277,160,"NZL","New Zealand",11,"Otago",47,"Dunedin",277,"n.a. ( 413)",NA,"","Unknown","Unknown","",""
278,160,"NZL","New Zealand",11,"Otago",47,"Dunedin",278,"n.a. ( 426)",NA,"","Unknown","Unknown","",""
279,160,"NZL","New Zealand",11,"Otago",47,"Dunedin",279,"n.a. ( 429)",NA,"","Unknown","Unknown","",""
280,160,"NZL","New Zealand",11,"Otago",47,"Dunedin",280,"n.a. ( 435)",NA,"","Unknown","Unknown","",""
281,160,"NZL","New Zealand",11,"Otago",47,"Dunedin",281,"n.a. ( 439)",NA,"","Unknown","Unknown","",""
282,160,"NZL","New Zealand",11,"Otago",47,"Dunedin",282,"n.a. ( 441)",NA,"","Unknown","Unknown","",""
283,160,"NZL","New Zealand",11,"Otago",47,"Dunedin",283,"n.a. ( 442)",NA,"","Unknown","Unknown","",""
284,160,"NZL","New Zealand",11,"Otago",47,"Dunedin",284,"n.a. ( 443)",NA,"","Unknown","Unknown","",""
285,160,"NZL","New Zealand",11,"Otago",47,"Dunedin",285,"n.a. ( 445)",NA,"","Unknown","Unknown","",""
286,160,"NZL","New Zealand",11,"Otago",47,"Dunedin",286,"n.a. ( 449)",NA,"","Unknown","Unknown","",""
287,160,"NZL","New Zealand",11,"Otago",48,"Queenstown-Lakes",287,"n.a. ( 371)",NA,"","Unknown","Unknown","",""
288,160,"NZL","New Zealand",11,"Otago",48,"Queenstown-Lakes",288,"n.a. ( 379)",NA,"","Unknown","Unknown","",""
289,160,"NZL","New Zealand",11,"Otago",48,"Queenstown-Lakes",289,"n.a. ( 408)",NA,"","Unknown","Unknown","",""
290,160,"NZL","New Zealand",11,"Otago",49,"Southland",290,"n.a. ( 415)",NA,"","Unknown","Unknown","",""
291,160,"NZL","New Zealand",11,"Otago",49,"Southland",291,"n.a. ( 430)",NA,"","Unknown","Unknown","",""
292,160,"NZL","New Zealand",11,"Otago",49,"Southland",292,"n.a. ( 431)",NA,"","Unknown","Unknown","",""
293,160,"NZL","New Zealand",11,"Otago",49,"Southland",293,"n.a. ( 437)",NA,"","Unknown","Unknown","",""
294,160,"NZL","New Zealand",11,"Otago",49,"Southland",294,"n.a. ( 438)",NA,"","Unknown","Unknown","",""
295,160,"NZL","New Zealand",11,"Otago",49,"Southland",295,"n.a. ( 440)",NA,"","Unknown","Unknown","",""
296,160,"NZL","New Zealand",11,"Otago",49,"Southland",296,"n.a. ( 444)",NA,"","Unknown","Unknown","",""
297,160,"NZL","New Zealand",11,"Otago",49,"Southland",297,"n.a. ( 447)",NA,"","Unknown","Unknown","",""
298,160,"NZL","New Zealand",11,"Otago",49,"Southland",298,"n.a. ( 450)",NA,"","Unknown","Unknown","",""
299,160,"NZL","New Zealand",11,"Otago",49,"Southland",299,"n.a. ( 451)",NA,"","Unknown","Unknown","",""
300,160,"NZL","New Zealand",11,"Otago",49,"Southland",300,"n.a. ( 452)",NA,"","Unknown","Unknown","",""
301,160,"NZL","New Zealand",11,"Otago",49,"Southland",301,"n.a. ( 453)",NA,"","Unknown","Unknown","",""
302,160,"NZL","New Zealand",11,"Otago",50,"Waitaki",302,"n.a. ( 387)",NA,"","Unknown","Unknown","",""
303,160,"NZL","New Zealand",11,"Otago",50,"Waitaki",303,"n.a. ( 407)",NA,"","Unknown","Unknown","",""
304,160,"NZL","New Zealand",11,"Otago",50,"Waitaki",304,"n.a. ( 410)",NA,"","Unknown","Unknown","",""
305,160,"NZL","New Zealand",12,"Southland",51,"Auckland islands",305,"n.a. ( 488)",NA,"","Unknown","Unknown","",""
306,160,"NZL","New Zealand",12,"Southland",52,"Campbell Islands",306,"n.a. ( 494)",NA,"","Unknown","Unknown","",""
307,160,"NZL","New Zealand",12,"Southland",53,"Gore",307,"n.a. ( 432)",NA,"","Unknown","Unknown","",""
308,160,"NZL","New Zealand",12,"Southland",53,"Gore",308,"n.a. ( 454)",NA,"","Unknown","Unknown","",""
309,160,"NZL","New Zealand",12,"Southland",53,"Gore",309,"n.a. ( 457)",NA,"","Unknown","Unknown","",""
310,160,"NZL","New Zealand",12,"Southland",53,"Gore",310,"n.a. ( 458)",NA,"","Unknown","Unknown","",""
311,160,"NZL","New Zealand",12,"Southland",54,"Invercargill",311,"n.a. ( 469)",NA,"","Unknown","Unknown","",""
312,160,"NZL","New Zealand",12,"Southland",55,"Southland",312,"n.a. ( 414)",NA,"","Unknown","Unknown","",""
313,160,"NZL","New Zealand",12,"Southland",55,"Southland",313,"n.a. ( 416)",NA,"","Unknown","Unknown","",""
314,160,"NZL","New Zealand",12,"Southland",55,"Southland",314,"n.a. ( 417)",NA,"","Unknown","Unknown","",""
315,160,"NZL","New Zealand",12,"Southland",55,"Southland",315,"n.a. ( 421)",NA,"","Unknown","Unknown","",""
316,160,"NZL","New Zealand",12,"Southland",55,"Southland",316,"n.a. ( 422)",NA,"","Unknown","Unknown","",""
317,160,"NZL","New Zealand",12,"Southland",55,"Southland",317,"n.a. ( 423)",NA,"","Unknown","Unknown","",""
318,160,"NZL","New Zealand",12,"Southland",55,"Southland",318,"n.a. ( 424)",NA,"","Unknown","Unknown","",""
319,160,"NZL","New Zealand",12,"Southland",55,"Southland",319,"n.a. ( 425)",NA,"","Unknown","Unknown","",""
320,160,"NZL","New Zealand",12,"Southland",55,"Southland",320,"n.a. ( 427)",NA,"","Unknown","Unknown","",""
321,160,"NZL","New Zealand",12,"Southland",55,"Southland",321,"n.a. ( 433)",NA,"","Unknown","Unknown","",""
322,160,"NZL","New Zealand",12,"Southland",55,"Southland",322,"n.a. ( 434)",NA,"","Unknown","Unknown","",""
323,160,"NZL","New Zealand",12,"Southland",55,"Southland",323,"n.a. ( 436)",NA,"","Unknown","Unknown","",""
324,160,"NZL","New Zealand",12,"Southland",55,"Southland",324,"n.a. ( 456)",NA,"","Unknown","Unknown","",""
325,160,"NZL","New Zealand",12,"Southland",55,"Southland",325,"n.a. ( 460)",NA,"","Unknown","Unknown","",""
326,160,"NZL","New Zealand",12,"Southland",55,"Southland",326,"n.a. ( 461)",NA,"","Unknown","Unknown","",""
327,160,"NZL","New Zealand",12,"Southland",55,"Southland",327,"n.a. ( 466)",NA,"","Unknown","Unknown","",""
328,160,"NZL","New Zealand",12,"Southland",55,"Southland",328,"n.a. ( 468)",NA,"","Unknown","Unknown","",""
329,160,"NZL","New Zealand",12,"Southland",55,"Southland",329,"n.a. ( 470)",NA,"","Unknown","Unknown","",""
330,160,"NZL","New Zealand",12,"Southland",55,"Southland",330,"n.a. ( 471)",NA,"","Unknown","Unknown","",""
331,160,"NZL","New Zealand",13,"Taranaki",56,"New Plymouth",331,"n.a. ( 210)",NA,"","Unknown","Unknown","",""
332,160,"NZL","New Zealand",13,"Taranaki",56,"New Plymouth",332,"n.a. ( 221)",NA,"","Unknown","Unknown","",""
333,160,"NZL","New Zealand",13,"Taranaki",56,"New Plymouth",333,"n.a. ( 223)",NA,"","Unknown","Unknown","",""
334,160,"NZL","New Zealand",13,"Taranaki",56,"New Plymouth",334,"n.a. ( 224)",NA,"","Unknown","Unknown","",""
335,160,"NZL","New Zealand",13,"Taranaki",56,"New Plymouth",335,"n.a. ( 225)",NA,"","Unknown","Unknown","",""
336,160,"NZL","New Zealand",13,"Taranaki",57,"South Taranaki",336,"n.a. ( 229)",NA,"","Unknown","Unknown","",""
337,160,"NZL","New Zealand",13,"Taranaki",57,"South Taranaki",337,"n.a. ( 235)",NA,"","Unknown","Unknown","",""
338,160,"NZL","New Zealand",13,"Taranaki",57,"South Taranaki",338,"n.a. ( 238)",NA,"","Unknown","Unknown","",""
339,160,"NZL","New Zealand",13,"Taranaki",57,"South Taranaki",339,"n.a. ( 239)",NA,"","Unknown","Unknown","",""
340,160,"NZL","New Zealand",13,"Taranaki",57,"South Taranaki",340,"n.a. ( 241)",NA,"","Unknown","Unknown","",""
341,160,"NZL","New Zealand",13,"Taranaki",57,"South Taranaki",341,"n.a. ( 246)",NA,"","Unknown","Unknown","",""
342,160,"NZL","New Zealand",13,"Taranaki",58,"Stratford",342,"n.a. ( 218)",NA,"","Unknown","Unknown","",""
343,160,"NZL","New Zealand",13,"Taranaki",58,"Stratford",343,"n.a. ( 230)",NA,"","Unknown","Unknown","",""
344,160,"NZL","New Zealand",13,"Taranaki",58,"Stratford",344,"n.a. ( 234)",NA,"","Unknown","Unknown","",""
345,160,"NZL","New Zealand",13,"Taranaki",58,"Stratford",345,"n.a. ( 236)",NA,"","Unknown","Unknown","",""
346,160,"NZL","New Zealand",14,"Waikato",59,"Franklin",346,"n.a. ( 101)",NA,"","Unknown","Unknown","",""
347,160,"NZL","New Zealand",14,"Waikato",59,"Franklin",347,"n.a. ( 87)",NA,"","Unknown","Unknown","",""
348,160,"NZL","New Zealand",14,"Waikato",60,"Hamilton",348,"n.a. ( 139)",NA,"","Unknown","Unknown","",""
349,160,"NZL","New Zealand",14,"Waikato",60,"Hamilton",349,"n.a. ( 141)",NA,"","Unknown","Unknown","",""
350,160,"NZL","New Zealand",14,"Waikato",60,"Hamilton",350,"n.a. ( 142)",NA,"","Unknown","Unknown","",""
351,160,"NZL","New Zealand",14,"Waikato",60,"Hamilton",351,"n.a. ( 146)",NA,"","Unknown","Unknown","",""
352,160,"NZL","New Zealand",14,"Waikato",60,"Hamilton",352,"n.a. ( 148)",NA,"","Unknown","Unknown","",""
353,160,"NZL","New Zealand",14,"Waikato",61,"Hauraki",353,"n.a. ( 102)",NA,"","Unknown","Unknown","",""
354,160,"NZL","New Zealand",14,"Waikato",61,"Hauraki",354,"n.a. ( 104)",NA,"","Unknown","Unknown","",""
355,160,"NZL","New Zealand",14,"Waikato",61,"Hauraki",355,"n.a. ( 98)",NA,"","Unknown","Unknown","",""
356,160,"NZL","New Zealand",14,"Waikato",62,"Matamata-Piako",356,"n.a. ( 108)",NA,"","Unknown","Unknown","",""
357,160,"NZL","New Zealand",14,"Waikato",62,"Matamata-Piako",357,"n.a. ( 109)",NA,"","Unknown","Unknown","",""
358,160,"NZL","New Zealand",14,"Waikato",62,"Matamata-Piako",358,"n.a. ( 132)",NA,"","Unknown","Unknown","",""
359,160,"NZL","New Zealand",14,"Waikato",63,"Otorohanga",359,"n.a. ( 160)",NA,"","Unknown","Unknown","",""
360,160,"NZL","New Zealand",14,"Waikato",63,"Otorohanga",360,"n.a. ( 168)",NA,"","Unknown","Unknown","",""
361,160,"NZL","New Zealand",14,"Waikato",63,"Otorohanga",361,"n.a. ( 175)",NA,"","Unknown","Unknown","",""
362,160,"NZL","New Zealand",14,"Waikato",63,"Otorohanga",362,"n.a. ( 177)",NA,"","Unknown","Unknown","",""
363,160,"NZL","New Zealand",14,"Waikato",63,"Otorohanga",363,"n.a. ( 179)",NA,"","Unknown","Unknown","",""
364,160,"NZL","New Zealand",14,"Waikato",63,"Otorohanga",364,"n.a. ( 185)",NA,"","Unknown","Unknown","",""
365,160,"NZL","New Zealand",14,"Waikato",64,"Rotorua",365,"n.a. ( 172)",NA,"","Unknown","Unknown","",""
366,160,"NZL","New Zealand",14,"Waikato",64,"Rotorua",366,"n.a. ( 182)",NA,"","Unknown","Unknown","",""
367,160,"NZL","New Zealand",14,"Waikato",65,"South Waikato",367,"n.a. ( 154)",NA,"","Unknown","Unknown","",""
368,160,"NZL","New Zealand",14,"Waikato",65,"South Waikato",368,"n.a. ( 162)",NA,"","Unknown","Unknown","",""
369,160,"NZL","New Zealand",14,"Waikato",65,"South Waikato",369,"n.a. ( 183)",NA,"","Unknown","Unknown","",""
370,160,"NZL","New Zealand",14,"Waikato",66,"Taupo",370,"n.a. ( 188)",NA,"","Unknown","Unknown","",""
371,160,"NZL","New Zealand",14,"Waikato",66,"Taupo",371,"n.a. ( 203)",NA,"","Unknown","Unknown","",""
372,160,"NZL","New Zealand",14,"Waikato",66,"Taupo",372,"n.a. ( 208)",NA,"","Unknown","Unknown","",""
373,160,"NZL","New Zealand",14,"Waikato",67,"Thames-Coromandel",373,"n.a. ( 46)",NA,"","Unknown","Unknown","",""
374,160,"NZL","New Zealand",14,"Waikato",67,"Thames-Coromandel",374,"n.a. ( 51)",NA,"","Unknown","Unknown","",""
375,160,"NZL","New Zealand",14,"Waikato",67,"Thames-Coromandel",375,"n.a. ( 52)",NA,"","Unknown","Unknown","",""
376,160,"NZL","New Zealand",14,"Waikato",67,"Thames-Coromandel",376,"n.a. ( 71)",NA,"","Unknown","Unknown","",""
377,160,"NZL","New Zealand",14,"Waikato",67,"Thames-Coromandel",377,"n.a. ( 80)",NA,"","Unknown","Unknown","",""
378,160,"NZL","New Zealand",14,"Waikato",67,"Thames-Coromandel",378,"n.a. ( 81)",NA,"","Unknown","Unknown","",""
379,160,"NZL","New Zealand",14,"Waikato",67,"Thames-Coromandel",379,"n.a. ( 83)",NA,"","Unknown","Unknown","",""
380,160,"NZL","New Zealand",14,"Waikato",67,"Thames-Coromandel",380,"n.a. ( 90)",NA,"","Unknown","Unknown","",""
381,160,"NZL","New Zealand",14,"Waikato",67,"Thames-Coromandel",381,"n.a. ( 96)",NA,"","Unknown","Unknown","",""
382,160,"NZL","New Zealand",14,"Waikato",68,"Waikato",382,"n.a. ( 105)",NA,"","Unknown","Unknown","",""
383,160,"NZL","New Zealand",14,"Waikato",68,"Waikato",383,"n.a. ( 107)",NA,"","Unknown","Unknown","",""
384,160,"NZL","New Zealand",14,"Waikato",68,"Waikato",384,"n.a. ( 114)",NA,"","Unknown","Unknown","",""
385,160,"NZL","New Zealand",14,"Waikato",68,"Waikato",385,"n.a. ( 117)",NA,"","Unknown","Unknown","",""
386,160,"NZL","New Zealand",14,"Waikato",68,"Waikato",386,"n.a. ( 121)",NA,"","Unknown","Unknown","",""
387,160,"NZL","New Zealand",14,"Waikato",68,"Waikato",387,"n.a. ( 124)",NA,"","Unknown","Unknown","",""
388,160,"NZL","New Zealand",14,"Waikato",68,"Waikato",388,"n.a. ( 129)",NA,"","Unknown","Unknown","",""
389,160,"NZL","New Zealand",14,"Waikato",68,"Waikato",389,"n.a. ( 133)",NA,"","Unknown","Unknown","",""
390,160,"NZL","New Zealand",14,"Waikato",68,"Waikato",390,"n.a. ( 135)",NA,"","Unknown","Unknown","",""
391,160,"NZL","New Zealand",14,"Waikato",68,"Waikato",391,"n.a. ( 143)",NA,"","Unknown","Unknown","",""
392,160,"NZL","New Zealand",14,"Waikato",68,"Waikato",392,"n.a. ( 147)",NA,"","Unknown","Unknown","",""
393,160,"NZL","New Zealand",14,"Waikato",68,"Waikato",393,"n.a. ( 149)",NA,"","Unknown","Unknown","",""
394,160,"NZL","New Zealand",14,"Waikato",68,"Waikato",394,"n.a. ( 99)",NA,"","Unknown","Unknown","",""
395,160,"NZL","New Zealand",14,"Waikato",69,"Waipa",395,"n.a. ( 145)",NA,"","Unknown","Unknown","",""
396,160,"NZL","New Zealand",14,"Waikato",69,"Waipa",396,"n.a. ( 150)",NA,"","Unknown","Unknown","",""
397,160,"NZL","New Zealand",14,"Waikato",69,"Waipa",397,"n.a. ( 153)",NA,"","Unknown","Unknown","",""
398,160,"NZL","New Zealand",14,"Waikato",69,"Waipa",398,"n.a. ( 157)",NA,"","Unknown","Unknown","",""
399,160,"NZL","New Zealand",14,"Waikato",69,"Waipa",399,"n.a. ( 165)",NA,"","Unknown","Unknown","",""
400,160,"NZL","New Zealand",14,"Waikato",69,"Waipa",400,"n.a. ( 166)",NA,"","Unknown","Unknown","",""
401,160,"NZL","New Zealand",14,"Waikato",70,"Waitomo",401,"n.a. ( 176)",NA,"","Unknown","Unknown","",""
402,160,"NZL","New Zealand",14,"Waikato",70,"Waitomo",402,"n.a. ( 184)",NA,"","Unknown","Unknown","",""
403,160,"NZL","New Zealand",14,"Waikato",70,"Waitomo",403,"n.a. ( 189)",NA,"","Unknown","Unknown","",""
404,160,"NZL","New Zealand",14,"Waikato",70,"Waitomo",404,"n.a. ( 190)",NA,"","Unknown","Unknown","",""
405,160,"NZL","New Zealand",14,"Waikato",70,"Waitomo",405,"n.a. ( 194)",NA,"","Unknown","Unknown","",""
406,160,"NZL","New Zealand",14,"Waikato",70,"Waitomo",406,"n.a. ( 199)",NA,"","Unknown","Unknown","",""
407,160,"NZL","New Zealand",15,"Wellington",71,"Carterton",407,"n.a. ( 277)",NA,"","Unknown","Unknown","",""
408,160,"NZL","New Zealand",15,"Wellington",71,"Carterton",408,"n.a. ( 289)",NA,"","Unknown","Unknown","",""
409,160,"NZL","New Zealand",15,"Wellington",71,"Carterton",409,"n.a. ( 290)",NA,"","Unknown","Unknown","",""
410,160,"NZL","New Zealand",15,"Wellington",71,"Carterton",410,"n.a. ( 292)",NA,"","Unknown","Unknown","",""
411,160,"NZL","New Zealand",15,"Wellington",72,"Hutt city",411,"n.a. ( 299)",NA,"","Unknown","Unknown","",""
412,160,"NZL","New Zealand",15,"Wellington",72,"Hutt city",412,"n.a. ( 304)",NA,"","Unknown","Unknown","",""
413,160,"NZL","New Zealand",15,"Wellington",72,"Hutt city",413,"n.a. ( 305)",NA,"","Unknown","Unknown","",""
414,160,"NZL","New Zealand",15,"Wellington",72,"Hutt city",414,"n.a. ( 306)",NA,"","Unknown","Unknown","",""
415,160,"NZL","New Zealand",15,"Wellington",72,"Hutt city",415,"n.a. ( 307)",NA,"","Unknown","Unknown","",""
416,160,"NZL","New Zealand",15,"Wellington",72,"Hutt city",416,"n.a. ( 313)",NA,"","Unknown","Unknown","",""
417,160,"NZL","New Zealand",15,"Wellington",73,"Kapiti Coast",417,"n.a. ( 276)",NA,"","Unknown","Unknown","",""
418,160,"NZL","New Zealand",15,"Wellington",73,"Kapiti Coast",418,"n.a. ( 280)",NA,"","Unknown","Unknown","",""
419,160,"NZL","New Zealand",15,"Wellington",73,"Kapiti Coast",419,"n.a. ( 281)",NA,"","Unknown","Unknown","",""
420,160,"NZL","New Zealand",15,"Wellington",73,"Kapiti Coast",420,"n.a. ( 282)",NA,"","Unknown","Unknown","",""
421,160,"NZL","New Zealand",15,"Wellington",73,"Kapiti Coast",421,"n.a. ( 284)",NA,"","Unknown","Unknown","",""
422,160,"NZL","New Zealand",15,"Wellington",74,"Masterton",422,"n.a. ( 285)",NA,"","Unknown","Unknown","",""
423,160,"NZL","New Zealand",15,"Wellington",74,"Masterton",423,"n.a. ( 287)",NA,"","Unknown","Unknown","",""
424,160,"NZL","New Zealand",15,"Wellington",75,"Porirua",424,"n.a. ( 291)",NA,"","Unknown","Unknown","",""
425,160,"NZL","New Zealand",15,"Wellington",75,"Porirua",425,"n.a. ( 293)",NA,"","Unknown","Unknown","",""
426,160,"NZL","New Zealand",15,"Wellington",75,"Porirua",426,"n.a. ( 295)",NA,"","Unknown","Unknown","",""
427,160,"NZL","New Zealand",15,"Wellington",75,"Porirua",427,"n.a. ( 296)",NA,"","Unknown","Unknown","",""
428,160,"NZL","New Zealand",15,"Wellington",75,"Porirua",428,"n.a. ( 298)",NA,"","Unknown","Unknown","",""
429,160,"NZL","New Zealand",15,"Wellington",75,"Porirua",429,"n.a. ( 303)",NA,"","Unknown","Unknown","",""
430,160,"NZL","New Zealand",15,"Wellington",76,"South Wairarapa",430,"n.a. ( 286)",NA,"","Unknown","Unknown","",""
431,160,"NZL","New Zealand",15,"Wellington",76,"South Wairarapa",431,"n.a. ( 294)",NA,"","Unknown","Unknown","",""
432,160,"NZL","New Zealand",15,"Wellington",76,"South Wairarapa",432,"n.a. ( 302)",NA,"","Unknown","Unknown","",""
433,160,"NZL","New Zealand",15,"Wellington",77,"Upper Hutt",433,"n.a. ( 288)",NA,"","Unknown","Unknown","",""
434,160,"NZL","New Zealand",15,"Wellington",78,"Wellington",434,"n.a. ( 301)",NA,"","Unknown","Unknown","",""
435,160,"NZL","New Zealand",15,"Wellington",78,"Wellington",435,"n.a. ( 308)",NA,"","Unknown","Unknown","",""
436,160,"NZL","New Zealand",15,"Wellington",78,"Wellington",436,"n.a. ( 311)",NA,"","Unknown","Unknown","",""
437,160,"NZL","New Zealand",15,"Wellington",78,"Wellington",437,"n.a. ( 315)",NA,"","Unknown","Unknown","",""
438,160,"NZL","New Zealand",16,"West Coast",79,"Buller",438,"n.a. ( 278)",NA,"","Unknown","Unknown","",""
439,160,"NZL","New Zealand",16,"West Coast",79,"Buller",439,"n.a. ( 320)",NA,"","Unknown","Unknown","",""
440,160,"NZL","New Zealand",16,"West Coast",79,"Buller",440,"n.a. ( 321)",NA,"","Unknown","Unknown","",""
441,160,"NZL","New Zealand",16,"West Coast",80,"Grey",441,"n.a. ( 322)",NA,"","Unknown","Unknown","",""
442,160,"NZL","New Zealand",16,"West Coast",80,"Grey",442,"n.a. ( 325)",NA,"","Unknown","Unknown","",""
443,160,"NZL","New Zealand",16,"West Coast",80,"Grey",443,"n.a. ( 326)",NA,"","Unknown","Unknown","",""
444,160,"NZL","New Zealand",16,"West Coast",80,"Grey",444,"n.a. ( 328)",NA,"","Unknown","Unknown","",""
445,160,"NZL","New Zealand",16,"West Coast",80,"Grey",445,"n.a. ( 332)",NA,"","Unknown","Unknown","",""
446,160,"NZL","New Zealand",16,"West Coast",81,"Westland",446,"n.a. ( 330)",NA,"","Unknown","Unknown","",""
447,160,"NZL","New Zealand",16,"West Coast",81,"Westland",447,"n.a. ( 332)",NA,"","Unknown","Unknown","",""
448,160,"NZL","New Zealand",16,"West Coast",81,"Westland",448,"n.a. ( 339)",NA,"","Unknown","Unknown","",""
